ID,SampleID,Trip Number,ObsSex,OtolithObs,OtolithMounted,OtoAge,Length,Lat,Long,DatasheetType,PrivateData
5863,21-SS-HIP-083,TEL2021002,2,FALSE,FALSE,3,25,41.5386,-66.4791,2021_RV,FALSE
5864,21-SS-HIP-084,TEL2021002,2,FALSE,FALSE,4,27,41.5386,-66.4791,2021_RV,FALSE
5865,21-SS-HIP-085,TEL2021002,1,FALSE,FALSE,5,22,42.0628,-66.4811,2021_RV,FALSE
5866,21-SS-HIP-086,TEL2021002,2,FALSE,FALSE,4,24,42.0628,-66.4811,2021_RV,FALSE
5867,21-SS-HIP-087,TEL2021002,2,FALSE,FALSE,4,23,42.0692,-66.4167,2021_RV,FALSE
5868,21-SS-HIP-088,TEL2021002,2,FALSE,FALSE,3,25,42.0504,-66.3882,2021_RV,FALSE
5869,21-SS-HIP-089,TEL2021002,2,FALSE,FALSE,3,44,41.5082,-65.5259,2021_RV,FALSE
5870,21-SS-HIP-090,TEL2021002,2,FALSE,FALSE,3,46,41.5082,-65.5259,2021_RV,FALSE
5871,21-SS-HIP-091,TEL2021002,1,FALSE,FALSE,4,44,42.0919,-66.3032,2021_RV,FALSE
5872,21-SS-HIP-092,TEL2021002,2,FALSE,FALSE,4,45,42.0919,-66.3032,2021_RV,FALSE
5873,21-SS-HIP-093,TEL2021002,2,FALSE,FALSE,4,45,42.0919,-66.3032,2021_RV,FALSE
5874,21-SS-HIP-094,TEL2021002,2,FALSE,FALSE,4,75,42.0919,-66.3032,2021_RV,FALSE
5875,21-SS-HIP-5436,CAR2021241,2,FALSE,FALSE,4,88,42.4381,-66.0812,2021_RV,FALSE
5876,21-SS-HIP-5445,CAR2021241,2,FALSE,FALSE,2,38,42.4381,-66.0812,2021_RV,FALSE
5877,21-SS-HIP-5454,CAR2021241,2,FALSE,FALSE,3,41,42.4833,-65.5843,2021_RV,FALSE
5878,21-SS-HIP-5463,CAR2021241,1,FALSE,FALSE,4,51,42.4833,-65.5843,2021_RV,FALSE
5879,21-SS-HIP-5472,CAR2021241,2,FALSE,FALSE,3,35,42.4833,-65.5843,2021_RV,FALSE
5880,21-SS-HIP-5481,CAR2021241,2,FALSE,FALSE,3,35,42.4833,-65.5843,2021_RV,FALSE
5881,21-SS-HIP-5490,CAR2021241,2,FALSE,FALSE,4,83,42.4214,-66.1571,2021_RV,FALSE
5882,21-SS-HIP-5498,CAR2021241,2,FALSE,FALSE,4,78,42.5214,-64.1928,2021_RV,FALSE
5883,21-SS-HIP-5499,CAR2021241,1,FALSE,FALSE,2,35,41.5546,-66.4178,2021_RV,FALSE
5884,21-SS-HIP-5507,CAR2021241,2,FALSE,FALSE,7,102,42.4022,-64.3497,2021_RV,FALSE
5885,21-SS-HIP-5508,CAR2021241,2,FALSE,FALSE,4,31,41.5546,-66.4178,2021_RV,FALSE
5886,21-SS-HIP-5509,CAR2021240,1,FALSE,FALSE,5,69,42.4073,-65.1883,2021_RV,FALSE
5887,21-SS-HIP-5510,CAR2021240,1,FALSE,FALSE,3,38,42.3529,-65.2201,2021_RV,FALSE
5888,21-SS-HIP-5511,CAR2021240,2,FALSE,FALSE,3,55,42.3529,-65.2201,2021_RV,FALSE
5889,21-SS-HIP-5513,CAR2021240,2,FALSE,FALSE,4,49,42.3529,-65.2201,2021_RV,FALSE
5890,21-SS-HIP-5514,CAR2021240,1,FALSE,FALSE,3,39,42.3529,-65.2201,2021_RV,FALSE
5891,21-SS-HIP-5515,CAR2021240,1,FALSE,FALSE,4,37,42.3529,-65.2201,2021_RV,FALSE
5892,21-SS-HIP-5516,CAR2021240,1,FALSE,FALSE,4,40,42.3529,-65.2201,2021_RV,FALSE
5893,21-SS-HIP-5517,CAR2021240,1,FALSE,FALSE,4,38,42.3112,-65.4819,2021_RV,FALSE
5895,21-SS-HIP-5519,CAR2021240,1,FALSE,FALSE,5,42,42.4342,-66.273,2021_RV,FALSE
5896,21-SS-HIP-5520,CAR2021240,2,FALSE,FALSE,4,65,43.5429,-66.3494,2021_RV,FALSE
5897,21-SS-HIP-5521,CAR2021240,2,FALSE,FALSE,4,50,43.5429,-66.3494,2021_RV,FALSE
5898,21-SS-HIP-5522,CAR2021240,1,FALSE,FALSE,5,68,45.0098,-65.1859,2021_RV,FALSE
5899,21-SS-HIP-5523,CAR2021240,2,FALSE,FALSE,4,42,45.0098,-65.1859,2021_RV,FALSE
5900,21-SS-HIP-5524,CAR2021240,1,FALSE,FALSE,3,26,45.0098,-65.1859,2021_RV,FALSE
5901,21-SS-HIP-5525,CAR2021240,1,FALSE,FALSE,4,34,45.085,-65.3411,2021_RV,FALSE
5902,21-SS-HIP-5526,CAR2021240,2,FALSE,FALSE,5,81,45.0125,-66.0032,2021_RV,FALSE
5903,21-SS-HIP-5527,CAR2021240,2,FALSE,FALSE,4,75,43.2785,-64.5818,2021_RV,FALSE
5904,21-SS-HIP-5528,CAR2021240,2,FALSE,FALSE,8,137,44.1026,-66.5007,2021_RV,FALSE
5906,21-SS-HIP-5530,CAR2021240,1,FALSE,FALSE,4,38,42.5871,-64.0028,2021_RV,FALSE
5907,21-SS-HIP-5531,CAR2021240,2,FALSE,FALSE,7,102,43.0769,-63.577,2021_RV,FALSE
5908,21-SS-HIP-5532,CAR2021240,1,FALSE,FALSE,6,82,43.5925,-61.4804,2021_RV,FALSE
5909,21-SS-HIP-5533,CAR2021240,1,FALSE,FALSE,4,60,43.3504,-62.3562,2021_RV,FALSE
5910,21-SS-HIP-5571,CAR2021240,2,FALSE,FALSE,8,129,44.1111,-63.0069,2021_RV,FALSE
6028,20-SS-HS-HYP 1,IndustrySurvey,2,TRUE,TRUE,8,114,44.31417,-57.586,2020_HalibutSurvey,TRUE
6029,20-SS-HS-HYP 2,IndustrySurvey,2,TRUE,TRUE,10,97,44.31417,-57.586,2020_HalibutSurvey,TRUE
6030,20-SS-HS-HYP 3,IndustrySurvey,1,TRUE,TRUE,12,128,44.31417,-57.586,2020_HalibutSurvey,TRUE
6031,20-SS-HS-HYP 4,IndustrySurvey,1,TRUE,TRUE,12,90,44.33333,-57.58833,2020_HalibutSurvey,TRUE
6032,20-SS-HS-HYP 5,IndustrySurvey,2,TRUE,TRUE,8,93,44.33333,-57.58833,2020_HalibutSurvey,TRUE
6033,20-SS-HS-HYP 6,IndustrySurvey,1,TRUE,TRUE,11,87,44.33333,-57.58833,2020_HalibutSurvey,TRUE
6034,20-SS-HS-HYP 7,IndustrySurvey,1,TRUE,TRUE,9,83,44.33333,-57.58833,2020_HalibutSurvey,TRUE
6035,20-SS-HS-HYP 8,IndustrySurvey,1,TRUE,TRUE,12,93,44.33333,-57.58833,2020_HalibutSurvey,TRUE
6036,20-SS-HS-HYP 9,IndustrySurvey,1,TRUE,TRUE,15,98,44.33333,-57.58833,2020_HalibutSurvey,TRUE
6037,20-SS-HS-HYP 10,IndustrySurvey,2,TRUE,TRUE,10,111,44.33333,-57.58833,2020_HalibutSurvey,TRUE
6039,20-SS-HS-HYP 12,IndustrySurvey,1,TRUE,TRUE,15,111,44.33333,-57.58833,2020_HalibutSurvey,TRUE
6040,20-SS-HS-HYP 13,IndustrySurvey,2,TRUE,TRUE,10,122,44.33417,-57.50967,2020_HalibutSurvey,TRUE
6041,20-SS-HS-HYP 14,IndustrySurvey,1,TRUE,TRUE,7,86,44.33417,-57.50967,2020_HalibutSurvey,TRUE
6042,20-SS-HS-HYP 15,IndustrySurvey,2,TRUE,TRUE,14,98,44.33417,-57.50967,2020_HalibutSurvey,TRUE
6043,20-SS-HS-HYP 16,IndustrySurvey,1,TRUE,TRUE,8,110,44.33417,-57.50967,2020_HalibutSurvey,TRUE
6044,20-SS-HS-HYP 17,IndustrySurvey,1,TRUE,TRUE,13,96,44.33417,-57.50967,2020_HalibutSurvey,TRUE
6045,20-SS-HS-HYP 18,IndustrySurvey,1,TRUE,TRUE,7,93,44.33417,-57.50967,2020_HalibutSurvey,TRUE
6046,20-SS-HS-HYP 19,IndustrySurvey,1,TRUE,TRUE,9,85,44.33417,-57.50967,2020_HalibutSurvey,TRUE
6047,20-SS-HS-HYP 20,IndustrySurvey,1,TRUE,TRUE,14,101,44.33417,-57.50967,2020_HalibutSurvey,TRUE
6048,20-SS-HS-HYP 21,IndustrySurvey,1,TRUE,TRUE,12,116,44.33417,-57.50967,2020_HalibutSurvey,TRUE
6049,20-SS-HS-HYP 22,IndustrySurvey,2,TRUE,TRUE,10,113,44.33417,-57.50967,2020_HalibutSurvey,TRUE
6050,20-SS-HS-HYP 23,IndustrySurvey,2,TRUE,TRUE,14,118,44.33417,-57.50967,2020_HalibutSurvey,TRUE
6051,20-SS-HS-HYP 24,IndustrySurvey,2,TRUE,TRUE,13,138,44.33417,-57.50967,2020_HalibutSurvey,TRUE
6052,20-SS-HS-HYP 25,IndustrySurvey,2,TRUE,TRUE,13,134,44.33417,-57.50967,2020_HalibutSurvey,TRUE
6053,20-SS-HS-HYP 26,IndustrySurvey,2,TRUE,TRUE,12,147,44.33417,-57.50967,2020_HalibutSurvey,TRUE
6054,20-SS-HS-HYP 27,IndustrySurvey,1,TRUE,TRUE,9,111,44.33417,-57.50967,2020_HalibutSurvey,TRUE
6056,20-SS-HS-HYP 29,IndustrySurvey,1,TRUE,TRUE,11,93,44.35133,-57.50783,2020_HalibutSurvey,TRUE
6057,20-SS-HS-HYP 30,IndustrySurvey,2,TRUE,TRUE,10,98,44.35133,-57.50783,2020_HalibutSurvey,TRUE
6058,20-SS-HS-HYP 31,IndustrySurvey,2,TRUE,TRUE,11,108,44.35133,-57.50783,2020_HalibutSurvey,TRUE
6059,20-SS-HS-HYP 32,IndustrySurvey,2,TRUE,TRUE,10,122,44.35133,-57.50783,2020_HalibutSurvey,TRUE
6060,20-SS-HS-HYP 33,IndustrySurvey,2,TRUE,TRUE,14,132,44.35133,-57.50783,2020_HalibutSurvey,TRUE
6061,20-SS-HS-HYP 34,IndustrySurvey,1,TRUE,TRUE,12,87,44.35133,-57.50783,2020_HalibutSurvey,TRUE
6062,20-SS-HS-HYP 35,IndustrySurvey,1,TRUE,TRUE,15,103,44.35133,-57.50783,2020_HalibutSurvey,TRUE
6063,20-SS-HS-HYP 36,IndustrySurvey,1,TRUE,TRUE,13,109,44.35133,-57.50783,2020_HalibutSurvey,TRUE
6064,20-SS-HS-HYP 37,IndustrySurvey,2,TRUE,TRUE,10,81,44.35133,-57.50783,2020_HalibutSurvey,TRUE
6065,20-SS-HS-HYP 38,IndustrySurvey,2,TRUE,TRUE,9,89,44.35133,-57.50783,2020_HalibutSurvey,TRUE
6066,20-SS-HS-HYP 39,IndustrySurvey,2,TRUE,TRUE,9,119,44.35133,-57.50783,2020_HalibutSurvey,TRUE
6067,20-SS-HS-HYP 40,IndustrySurvey,2,TRUE,TRUE,12,132,44.37167,-57.47567,2020_HalibutSurvey,TRUE
6068,20-SS-HS-HYP 42,IndustrySurvey,2,TRUE,TRUE,7,109,44.37167,-57.47567,2020_HalibutSurvey,TRUE
6069,20-SS-HS-HYP 43,IndustrySurvey,2,TRUE,TRUE,9,113,44.37167,-57.47567,2020_HalibutSurvey,TRUE
6071,20-SS-HS-HYP 45,IndustrySurvey,1,TRUE,TRUE,7,93,44.37167,-57.47567,2020_HalibutSurvey,TRUE
6072,20-SS-HS-HYP 46,IndustrySurvey,1,TRUE,TRUE,7,89,44.37167,-57.47567,2020_HalibutSurvey,TRUE
6073,20-SS-HS-HYP 47,IndustrySurvey,1,TRUE,TRUE,10,98,44.37167,-57.47567,2020_HalibutSurvey,TRUE
6074,20-SS-HS-HYP 48,IndustrySurvey,1,TRUE,TRUE,15,113,44.37167,-57.47567,2020_HalibutSurvey,TRUE
6075,20-SS-HS-HYP 50,IndustrySurvey,2,TRUE,TRUE,7,120,44.37167,-57.47567,2020_HalibutSurvey,TRUE
6077,20-SS-HS-HYP 52,IndustrySurvey,1,TRUE,TRUE,10,94,44.38317,-57.453,2020_HalibutSurvey,TRUE
6078,20-SS-HS-HYP 53,IndustrySurvey,1,TRUE,TRUE,6,89,44.38317,-57.453,2020_HalibutSurvey,TRUE
6079,20-SS-HS-HYP 54,IndustrySurvey,2,TRUE,TRUE,9,84,44.38317,-57.453,2020_HalibutSurvey,TRUE
6080,20-SS-HS-HYP 55,IndustrySurvey,2,TRUE,TRUE,8,91,44.38317,-57.453,2020_HalibutSurvey,TRUE
6081,20-SS-HS-HYP 56,IndustrySurvey,2,TRUE,TRUE,10,130,44.38317,-57.453,2020_HalibutSurvey,TRUE
6082,20-SS-HS-HYP 57,IndustrySurvey,1,TRUE,TRUE,10,100,44.38317,-57.453,2020_HalibutSurvey,TRUE
6083,20-SS-HS-HYP 58,IndustrySurvey,2,TRUE,TRUE,14,133,44.38317,-57.453,2020_HalibutSurvey,TRUE
6084,20-SS-HS-HYP 59,IndustrySurvey,2,TRUE,TRUE,14,107,44.38317,-57.453,2020_HalibutSurvey,TRUE
6085,20-SS-HS-HYP 60,IndustrySurvey,2,TRUE,TRUE,8,116,44.38317,-57.453,2020_HalibutSurvey,TRUE
6086,20-SS-HS-HYP 61,IndustrySurvey,2,TRUE,TRUE,8,96,44.38317,-57.453,2020_HalibutSurvey,TRUE
6087,20-SS-HS-HYP 62,IndustrySurvey,1,TRUE,TRUE,5,90,44.395,-57.3825,2020_HalibutSurvey,TRUE
6088,20-SS-HS-HYP 63,IndustrySurvey,2,TRUE,TRUE,9,129,44.395,-57.3825,2020_HalibutSurvey,TRUE
6089,20-SS-HS-HYP 64,IndustrySurvey,1,TRUE,TRUE,11,96,44.395,-57.3825,2020_HalibutSurvey,TRUE
6090,20-SS-HS-HYP 65,IndustrySurvey,2,TRUE,TRUE,8,95,44.395,-57.3825,2020_HalibutSurvey,TRUE
6091,20-SS-HS-HYP 66,IndustrySurvey,1,TRUE,TRUE,12,108,44.395,-57.3825,2020_HalibutSurvey,TRUE
6092,20-SS-HS-HYP 67,IndustrySurvey,2,TRUE,TRUE,11,141,44.395,-57.3825,2020_HalibutSurvey,TRUE
6093,20-SS-HS-HYP 68,IndustrySurvey,2,TRUE,TRUE,8,136,44.395,-57.3825,2020_HalibutSurvey,TRUE
6094,20-SS-HS-HYP 70,IndustrySurvey,2,TRUE,TRUE,11,99,44.395,-57.3825,2020_HalibutSurvey,TRUE
6095,20-SS-HS-HYP 71,IndustrySurvey,1,TRUE,TRUE,10,93,44.395,-57.3825,2020_HalibutSurvey,TRUE
6097,20-SS-HS-HYP 73,IndustrySurvey,2,TRUE,TRUE,12,104,44.395,-57.3825,2020_HalibutSurvey,TRUE
6098,20-SS-HS-HYP 74,IndustrySurvey,2,TRUE,TRUE,6,87,44.395,-57.3825,2020_HalibutSurvey,TRUE
6099,20-SS-HS-HYP 75,IndustrySurvey,1,TRUE,TRUE,7,81,44.395,-57.3825,2020_HalibutSurvey,TRUE
6100,20-SS-HS-HYP 76,IndustrySurvey,2,TRUE,TRUE,10,155,44.395,-57.3825,2020_HalibutSurvey,TRUE
6101,20-SS-HS-HYP 77,IndustrySurvey,2,TRUE,TRUE,11,132,44.395,-57.3825,2020_HalibutSurvey,TRUE
6102,20-SS-HS-HYP 78,IndustrySurvey,1,TRUE,TRUE,9,85,44.37617,-57.38783,2020_HalibutSurvey,TRUE
6103,20-SS-HS-HYP 79,IndustrySurvey,2,TRUE,TRUE,9,116,44.37617,-57.38783,2020_HalibutSurvey,TRUE
6104,20-SS-HS-HYP 80,IndustrySurvey,1,TRUE,TRUE,8,110,44.37617,-57.38783,2020_HalibutSurvey,TRUE
6105,20-SS-HS-HYP 81,IndustrySurvey,1,TRUE,TRUE,6,89,44.37617,-57.38783,2020_HalibutSurvey,TRUE
6106,20-SS-HS-HYP 82,IndustrySurvey,2,TRUE,TRUE,11,145,44.37617,-57.38783,2020_HalibutSurvey,TRUE
6107,20-SS-HS-HYP 83,IndustrySurvey,2,TRUE,TRUE,11,128,44.37617,-57.38783,2020_HalibutSurvey,TRUE
6108,20-SS-HS-HYP 84,IndustrySurvey,1,TRUE,TRUE,10,99,44.39783,-57.31867,2020_HalibutSurvey,TRUE
6109,20-SS-HS-HYP 85,IndustrySurvey,2,TRUE,TRUE,9,160,44.39783,-57.31867,2020_HalibutSurvey,TRUE
6110,20-SS-HS-HYP 86,IndustrySurvey,1,TRUE,TRUE,14,141,44.39783,-57.31867,2020_HalibutSurvey,TRUE
6111,20-SS-HS-HYP 87,IndustrySurvey,2,TRUE,TRUE,12,130,44.39783,-57.31867,2020_HalibutSurvey,TRUE
6113,20-SS-HS-HYP 89,IndustrySurvey,2,TRUE,TRUE,16,170,44.39783,-57.31867,2020_HalibutSurvey,TRUE
6114,20-SS-HS-HYP 90,IndustrySurvey,2,TRUE,TRUE,8,99,44.39783,-57.31867,2020_HalibutSurvey,TRUE
6115,20-SS-HS-HYP 91,IndustrySurvey,2,TRUE,TRUE,6,105,44.39783,-57.31867,2020_HalibutSurvey,TRUE
6116,20-SS-HS-HYP 92,IndustrySurvey,1,TRUE,TRUE,12,110,44.39783,-57.31867,2020_HalibutSurvey,TRUE
6117,20-SS-HS-HYP 93,IndustrySurvey,2,TRUE,TRUE,10,110,44.39783,-57.31867,2020_HalibutSurvey,TRUE
6118,20-SS-HS-HYP 94,IndustrySurvey,2,TRUE,TRUE,9,118,44.39783,-57.31867,2020_HalibutSurvey,TRUE
6119,20-SS-HS-HYP 95,IndustrySurvey,2,TRUE,TRUE,11,134,44.39783,-57.31867,2020_HalibutSurvey,TRUE
6121,20-SS-HS-HYP 97,IndustrySurvey,2,TRUE,TRUE,11,103,44.39783,-57.31867,2020_HalibutSurvey,TRUE
6122,20-SS-HS-HYP 98,IndustrySurvey,2,TRUE,TRUE,15,146,44.41017,-57.2825,2020_HalibutSurvey,TRUE
6123,20-SS-HS-HYP 99,IndustrySurvey,1,TRUE,TRUE,15,115,44.41017,-57.2825,2020_HalibutSurvey,TRUE
6124,20-SS-HS-HYP 100,IndustrySurvey,2,TRUE,TRUE,10,123,44.41017,-57.2825,2020_HalibutSurvey,TRUE
6125,20-SS-HS-HYP 101,IndustrySurvey,2,TRUE,TRUE,10,118,44.41017,-57.2825,2020_HalibutSurvey,TRUE
6126,20-SS-HS-HYP 102,IndustrySurvey,1,TRUE,TRUE,8,88,44.41017,-57.2825,2020_HalibutSurvey,TRUE
6127,20-SS-HS-HYP 103,IndustrySurvey,2,TRUE,TRUE,9,126,44.41017,-57.2825,2020_HalibutSurvey,TRUE
6128,20-SS-HS-HYP 104,IndustrySurvey,2,TRUE,TRUE,7,109,44.41017,-57.2825,2020_HalibutSurvey,TRUE
6129,20-SS-HS-HYP 105,IndustrySurvey,1,TRUE,TRUE,12,91,44.41017,-57.2825,2020_HalibutSurvey,TRUE
6130,20-SS-HS-HYP 106,IndustrySurvey,1,TRUE,TRUE,9,106,44.41017,-57.2825,2020_HalibutSurvey,TRUE
6131,20-SS-HS-HYP 107,IndustrySurvey,2,TRUE,TRUE,9,99,44.41017,-57.2825,2020_HalibutSurvey,TRUE
6132,20-SS-HS-HYP 108,IndustrySurvey,1,TRUE,TRUE,19,123,44.41017,-57.2825,2020_HalibutSurvey,TRUE
6133,20-SS-HS-HYP 109,IndustrySurvey,1,TRUE,TRUE,6,97,44.41017,-57.2825,2020_HalibutSurvey,TRUE
6134,20-SS-HS-HYP 110,IndustrySurvey,1,TRUE,TRUE,17,119,44.41017,-57.2825,2020_HalibutSurvey,TRUE
6135,20-SS-HS-HYP 111,IndustrySurvey,1,TRUE,TRUE,8,84,44.41017,-57.2825,2020_HalibutSurvey,TRUE
6136,20-SS-HS-HYP 112,IndustrySurvey,2,TRUE,TRUE,11,140,44.41017,-57.2825,2020_HalibutSurvey,TRUE
6137,20-SS-HS-HYP 113,IndustrySurvey,1,TRUE,TRUE,12,109,44.44617,-57.24117,2020_HalibutSurvey,TRUE
6138,20-SS-HS-HYP 114,IndustrySurvey,1,TRUE,TRUE,16,113,44.44617,-57.24117,2020_HalibutSurvey,TRUE
6139,20-SS-HS-HYP 115,IndustrySurvey,1,TRUE,TRUE,11,99,44.44617,-57.24117,2020_HalibutSurvey,TRUE
6140,20-SS-HS-HYP 116,IndustrySurvey,1,TRUE,TRUE,8,95,44.44617,-57.24117,2020_HalibutSurvey,TRUE
6141,20-SS-HS-HYP 117,IndustrySurvey,1,TRUE,TRUE,13,119,44.44617,-57.24117,2020_HalibutSurvey,TRUE
6142,20-SS-HS-HYP 118,IndustrySurvey,2,TRUE,TRUE,9,99,44.44617,-57.24117,2020_HalibutSurvey,TRUE
6143,20-SS-HS-HYP 119,IndustrySurvey,2,TRUE,TRUE,8,93,44.44617,-57.24117,2020_HalibutSurvey,TRUE
6145,20-SS-HS-HYP 121,IndustrySurvey,2,TRUE,TRUE,8,103,44.44617,-57.24117,2020_HalibutSurvey,TRUE
6146,20-SS-HS-HYP 122,IndustrySurvey,2,TRUE,TRUE,6,117,44.44617,-57.24117,2020_HalibutSurvey,TRUE
6148,20-SS-HS-HYP 124,IndustrySurvey,1,TRUE,TRUE,8,90,44.42833,-57.26867,2020_HalibutSurvey,TRUE
6149,20-SS-HS-HYP 125,IndustrySurvey,1,TRUE,TRUE,15,99,44.42833,-57.26867,2020_HalibutSurvey,TRUE
6150,20-SS-HS-HYP 126,IndustrySurvey,1,TRUE,TRUE,7,85,44.42833,-57.26867,2020_HalibutSurvey,TRUE
6151,20-SS-HS-HYP 127,IndustrySurvey,1,TRUE,TRUE,12,110,44.42833,-57.26867,2020_HalibutSurvey,TRUE
6152,20-SS-HS-HYP 128,IndustrySurvey,2,TRUE,TRUE,8,83,44.42833,-57.26867,2020_HalibutSurvey,TRUE
6153,20-SS-HS-HYP 129,IndustrySurvey,2,TRUE,TRUE,9,97,44.42833,-57.26867,2020_HalibutSurvey,TRUE
6154,20-SS-HS-HYP 130,IndustrySurvey,1,TRUE,TRUE,11,120,44.42833,-57.26867,2020_HalibutSurvey,TRUE
6155,20-SS-HS-HYP 131,IndustrySurvey,1,TRUE,TRUE,13,104,44.42833,-57.26867,2020_HalibutSurvey,TRUE
6156,20-SS-HS-HYP 132,IndustrySurvey,2,TRUE,TRUE,6,108,44.42833,-57.26867,2020_HalibutSurvey,TRUE
6157,20-SS-HS-HYP 133,IndustrySurvey,1,TRUE,TRUE,6,93,44.42833,-57.26867,2020_HalibutSurvey,TRUE
6158,20-SS-HS-HYP 134,IndustrySurvey,2,TRUE,TRUE,7,142,44.42833,-57.26867,2020_HalibutSurvey,TRUE
6159,20-SS-HS-HYP 135,IndustrySurvey,1,TRUE,TRUE,12,112,44.6535,-56.88833,2020_HalibutSurvey,TRUE
6160,20-SS-HS-HYP 136,IndustrySurvey,2,TRUE,TRUE,13,114,44.6535,-56.88833,2020_HalibutSurvey,TRUE
6163,20-SS-HS-HYP 150,IndustrySurvey,2,TRUE,TRUE,8,128,44.66033,-56.9395,2020_HalibutSurvey,TRUE
6164,20-SS-HS-HYP 151,IndustrySurvey,2,TRUE,TRUE,11,152,44.66033,-56.9395,2020_HalibutSurvey,TRUE
6165,20-SS-HS-HYP 152,IndustrySurvey,2,TRUE,TRUE,10,149,44.66033,-56.9395,2020_HalibutSurvey,TRUE
6166,20-SS-HS-HYP 153,IndustrySurvey,1,TRUE,TRUE,12,93,44.66033,-56.9395,2020_HalibutSurvey,TRUE
6167,20-SS-HS-HYP 154,IndustrySurvey,2,TRUE,TRUE,8,101,44.66033,-56.9395,2020_HalibutSurvey,TRUE
6168,20-SS-HS-HYP 155,IndustrySurvey,1,TRUE,TRUE,11,99,44.66033,-56.9395,2020_HalibutSurvey,TRUE
6169,20-SS-HS-HYP 156,IndustrySurvey,1,TRUE,TRUE,17,114,44.66033,-56.9395,2020_HalibutSurvey,TRUE
6170,20-SS-HS-HYP 157,IndustrySurvey,1,TRUE,TRUE,15,110,44.66033,-56.9395,2020_HalibutSurvey,TRUE
6171,20-SS-HS-HYP 158,IndustrySurvey,2,TRUE,TRUE,11,120,44.67283,-56.89533,2020_HalibutSurvey,TRUE
6172,20-SS-HS-HYP 159,IndustrySurvey,2,TRUE,TRUE,8,135,44.67283,-56.89533,2020_HalibutSurvey,TRUE
6173,20-SS-HS-HYP 160,IndustrySurvey,1,TRUE,TRUE,8,110,44.67283,-56.89533,2020_HalibutSurvey,TRUE
6174,20-SS-HS-HYP 161,IndustrySurvey,2,TRUE,TRUE,8,124,44.67283,-56.89533,2020_HalibutSurvey,TRUE
6175,20-SS-HS-HYP 162,IndustrySurvey,1,TRUE,TRUE,17,118,44.67283,-56.89533,2020_HalibutSurvey,TRUE
6176,20-SS-HS-HYP 163,IndustrySurvey,1,TRUE,TRUE,6,83,44.67283,-56.89533,2020_HalibutSurvey,TRUE
6177,20-SS-HS-HYP 164,IndustrySurvey,1,TRUE,TRUE,10,94,44.67283,-56.89533,2020_HalibutSurvey,TRUE
6178,20-SS-HS-HYP 165,IndustrySurvey,1,TRUE,TRUE,12,111,44.67283,-56.89533,2020_HalibutSurvey,TRUE
6179,20-SS-HS-HYP 169,IndustrySurvey,1,TRUE,TRUE,11,103,44.7245,-56.887,2020_HalibutSurvey,TRUE
6181,20-SS-HS-HYP 171,IndustrySurvey,1,TRUE,TRUE,11,112,44.7245,-56.887,2020_HalibutSurvey,TRUE
6182,20-SS-HS-HYP 172,IndustrySurvey,2,TRUE,TRUE,7,121,44.7245,-56.887,2020_HalibutSurvey,TRUE
6183,20-SS-HS-HYP 173,IndustrySurvey,2,TRUE,TRUE,8,130,44.7245,-56.887,2020_HalibutSurvey,TRUE
6184,20-SS-HS-HYP 174,IndustrySurvey,2,TRUE,TRUE,9,133,44.7245,-56.887,2020_HalibutSurvey,TRUE
6185,20-SS-HS-HYP 175,IndustrySurvey,2,TRUE,TRUE,9,114,44.7245,-56.887,2020_HalibutSurvey,TRUE
6186,20-SS-HS-HYP 176,IndustrySurvey,2,TRUE,TRUE,9,117,44.7245,-56.887,2020_HalibutSurvey,TRUE
6187,20-SS-HS-HYP 177,IndustrySurvey,2,TRUE,TRUE,6,90,44.7245,-56.887,2020_HalibutSurvey,TRUE
6188,20-SS-HS-HYP 178,IndustrySurvey,1,TRUE,TRUE,10,117,44.702,-56.86817,2020_HalibutSurvey,TRUE
6189,20-SS-HS-HYP 179,IndustrySurvey,2,TRUE,TRUE,9,105,44.702,-56.86817,2020_HalibutSurvey,TRUE
6190,20-SS-HS-HYP 180,IndustrySurvey,2,TRUE,TRUE,8,142,44.702,-56.86817,2020_HalibutSurvey,TRUE
6191,20-SS-HS-HYP 181,IndustrySurvey,1,TRUE,TRUE,13,97,44.702,-56.86817,2020_HalibutSurvey,TRUE
6192,20-SS-HS-HYP 182,IndustrySurvey,2,TRUE,TRUE,5,131,44.702,-56.86817,2020_HalibutSurvey,TRUE
6193,20-SS-HS-HYP 183,IndustrySurvey,2,TRUE,TRUE,7,130,44.702,-56.86817,2020_HalibutSurvey,TRUE
6194,20-SS-HS-HYP 184,IndustrySurvey,2,TRUE,TRUE,8,123,44.702,-56.86817,2020_HalibutSurvey,TRUE
6195,20-SS-HS-HYP 185,IndustrySurvey,2,TRUE,TRUE,8,97,44.702,-56.86817,2020_HalibutSurvey,TRUE
6196,20-SS-HS-HYP 186,IndustrySurvey,2,TRUE,TRUE,7,110,44.702,-56.86817,2020_HalibutSurvey,TRUE
6197,20-SS-HS-HYP 187,IndustrySurvey,1,TRUE,TRUE,6,92,44.702,-56.86817,2020_HalibutSurvey,TRUE
6198,20-SS-HS-HYP 188,IndustrySurvey,2,TRUE,TRUE,10,112,44.702,-56.86817,2020_HalibutSurvey,TRUE
6199,20-SS-HS-HYP 189,IndustrySurvey,2,TRUE,TRUE,11,121,44.69183,-56.92067,2020_HalibutSurvey,TRUE
6200,20-SS-HS-HYP 190,IndustrySurvey,1,TRUE,TRUE,13,103,44.69183,-56.92067,2020_HalibutSurvey,TRUE
6201,20-SS-HS-HYP 191,IndustrySurvey,1,TRUE,TRUE,8,86,44.69183,-56.92067,2020_HalibutSurvey,TRUE
6202,20-SS-HS-HYP 192,IndustrySurvey,2,TRUE,TRUE,13,150,44.69183,-56.92067,2020_HalibutSurvey,TRUE
6203,20-SS-HS-HYP 193,IndustrySurvey,1,TRUE,TRUE,11,96,44.69183,-56.92067,2020_HalibutSurvey,TRUE
6204,20-SS-HS-HYP 194,IndustrySurvey,2,TRUE,TRUE,8,136,44.69183,-56.92067,2020_HalibutSurvey,TRUE
6205,20-SS-HS-HYP 195,IndustrySurvey,2,TRUE,TRUE,9,144,44.69183,-56.92067,2020_HalibutSurvey,TRUE
6206,20-SS-HS-HYP 196,IndustrySurvey,2,TRUE,TRUE,7,105,44.69183,-56.92067,2020_HalibutSurvey,TRUE
6207,20-SS-HS-HYP 197,IndustrySurvey,1,TRUE,TRUE,8,113,44.69183,-56.92067,2020_HalibutSurvey,TRUE
6208,20-SS-HS-HYP 198,IndustrySurvey,2,TRUE,TRUE,15,171,44.69183,-56.92067,2020_HalibutSurvey,TRUE
6209,20-SS-HS-HYP 199,IndustrySurvey,2,TRUE,TRUE,10,132,44.5495,-56.8325,2020_HalibutSurvey,TRUE
6210,20-SS-HS-HYP 200,IndustrySurvey,1,TRUE,TRUE,9,110,44.5495,-56.8325,2020_HalibutSurvey,TRUE
6211,20-SS-HS-HYP 201,IndustrySurvey,1,TRUE,TRUE,8,129,44.5495,-56.8325,2020_HalibutSurvey,TRUE
6212,20-SS-HS-HYP 202,IndustrySurvey,2,TRUE,TRUE,8,146,44.5495,-56.8325,2020_HalibutSurvey,TRUE
6213,20-SS-HS-HYP 203,IndustrySurvey,2,TRUE,TRUE,8,128,44.5495,-56.8325,2020_HalibutSurvey,TRUE
6214,20-SS-HS-HYP 204,IndustrySurvey,1,TRUE,TRUE,10,112,44.5495,-56.8325,2020_HalibutSurvey,TRUE
6215,20-SS-HS-HYP 205,IndustrySurvey,1,TRUE,TRUE,16,94,44.5495,-56.8325,2020_HalibutSurvey,TRUE
6216,20-SS-HS-HYP 206,IndustrySurvey,1,TRUE,TRUE,15,125,44.5495,-56.8325,2020_HalibutSurvey,TRUE
6217,20-SS-HS-HYP 207,IndustrySurvey,2,TRUE,TRUE,9,146,44.62617,-56.48983,2020_HalibutSurvey,TRUE
6218,20-SS-HS-HYP 208,IndustrySurvey,2,TRUE,TRUE,13,168,44.62617,-56.48983,2020_HalibutSurvey,TRUE
6219,20-SS-HS-HYP 209,IndustrySurvey,1,TRUE,TRUE,15,108,44.62617,-56.48983,2020_HalibutSurvey,TRUE
6220,20-SS-HS-HYP 210,IndustrySurvey,2,TRUE,TRUE,8,131,44.62617,-56.48983,2020_HalibutSurvey,TRUE
6221,20-SS-HS-HYP 211,IndustrySurvey,2,TRUE,TRUE,12,145,44.62617,-56.48983,2020_HalibutSurvey,TRUE
6222,20-SS-HS-HYP 212,IndustrySurvey,1,TRUE,TRUE,6,94,44.62617,-56.48983,2020_HalibutSurvey,TRUE
6223,20-SS-HS-HYP 213,IndustrySurvey,2,TRUE,TRUE,11,156,44.62617,-56.48983,2020_HalibutSurvey,TRUE
6224,20-SS-HS-HYP 214,IndustrySurvey,1,TRUE,TRUE,11,102,44.62617,-56.48983,2020_HalibutSurvey,TRUE
6225,20-SS-HS-HYP 215,IndustrySurvey,1,TRUE,TRUE,12,117,44.62617,-56.48983,2020_HalibutSurvey,TRUE
6226,20-SS-HS-HYP 216,IndustrySurvey,1,TRUE,TRUE,14,131,44.62617,-56.48983,2020_HalibutSurvey,TRUE
6227,20-SS-HS-HYP 217,IndustrySurvey,2,TRUE,TRUE,11,152,44.62617,-56.48983,2020_HalibutSurvey,TRUE
6228,20-SS-HS-HYP 218,IndustrySurvey,2,TRUE,TRUE,12,125,44.62617,-56.48983,2020_HalibutSurvey,TRUE
6229,20-SS-HS-HYP 219,IndustrySurvey,1,TRUE,TRUE,14,112,44.62617,-56.48983,2020_HalibutSurvey,TRUE
6230,20-SS-HS-HYP 220,IndustrySurvey,1,TRUE,TRUE,18,121,44.62617,-56.48983,2020_HalibutSurvey,TRUE
6233,20-SS-HS-HYP 223,IndustrySurvey,2,TRUE,TRUE,9,106,44.63883,-56.409,2020_HalibutSurvey,TRUE
6234,20-SS-HS-HYP 224,IndustrySurvey,2,TRUE,TRUE,12,146,44.63883,-56.409,2020_HalibutSurvey,TRUE
6236,20-SS-HS-HYP 226,IndustrySurvey,2,TRUE,TRUE,8,135,44.63883,-56.409,2020_HalibutSurvey,TRUE
6237,20-SS-HS-HYP 227,IndustrySurvey,1,TRUE,TRUE,12,90,44.63083,-56.4545,2020_HalibutSurvey,TRUE
6238,20-SS-HS-HYP 228,IndustrySurvey,2,TRUE,TRUE,11,141,44.63083,-56.4545,2020_HalibutSurvey,TRUE
6239,20-SS-HS-HYP 229,IndustrySurvey,2,TRUE,TRUE,9,129,44.63083,-56.4545,2020_HalibutSurvey,TRUE
6240,20-SS-HS-HYP 230,IndustrySurvey,2,TRUE,TRUE,12,150,44.63083,-56.4545,2020_HalibutSurvey,TRUE
6241,20-SS-HS-HYP 231,IndustrySurvey,2,TRUE,TRUE,9,132,44.63083,-56.4545,2020_HalibutSurvey,TRUE
6242,20-SS-HS-HYP 232,IndustrySurvey,2,TRUE,TRUE,15,100,44.63083,-56.4545,2020_HalibutSurvey,TRUE
6243,20-SS-HS-HYP 233,IndustrySurvey,1,TRUE,TRUE,13,120,44.63083,-56.4545,2020_HalibutSurvey,TRUE
6245,20-SS-HS-HYP 235,IndustrySurvey,2,TRUE,TRUE,11,157,44.63083,-56.4545,2020_HalibutSurvey,TRUE
6246,20-SS-HS-HYP 236,IndustrySurvey,2,TRUE,TRUE,12,130,44.63083,-56.4545,2020_HalibutSurvey,TRUE
6248,20-SS-HS-HYP 238,IndustrySurvey,2,TRUE,TRUE,10,139,44.6205,-56.51683,2020_HalibutSurvey,TRUE
6249,20-SS-HS-HYP 239,IndustrySurvey,2,TRUE,TRUE,9,148,44.6205,-56.51683,2020_HalibutSurvey,TRUE
6250,20-SS-HS-HYP 240,IndustrySurvey,1,TRUE,TRUE,13,112,44.6205,-56.51683,2020_HalibutSurvey,TRUE
6251,20-SS-HS-HYP 241,IndustrySurvey,2,TRUE,TRUE,9,142,44.6205,-56.51683,2020_HalibutSurvey,TRUE
6252,20-SS-HS-HYP 242,IndustrySurvey,1,TRUE,TRUE,16,118,44.6205,-56.51683,2020_HalibutSurvey,TRUE
6253,20-SS-HS-HYP 243,IndustrySurvey,2,TRUE,TRUE,11,134,44.6205,-56.51683,2020_HalibutSurvey,TRUE
6254,20-SS-HS-HYP 244,IndustrySurvey,2,TRUE,TRUE,9,146,44.59317,-56.56867,2020_HalibutSurvey,TRUE
6257,20-SS-HS-HYP 247,IndustrySurvey,2,TRUE,TRUE,7,136,44.59317,-56.56867,2020_HalibutSurvey,TRUE
6258,20-SS-HS-HYP 248,IndustrySurvey,1,TRUE,TRUE,14,115,44.59317,-56.56867,2020_HalibutSurvey,TRUE
6259,20-SS-HS-HYP 249,IndustrySurvey,1,TRUE,TRUE,7,100,44.58333,-56.63567,2020_HalibutSurvey,TRUE
6260,20-SS-HS-HYP 250,IndustrySurvey,2,TRUE,TRUE,8,125,44.58333,-56.63567,2020_HalibutSurvey,TRUE
6261,20-SS-HS-HYP 251,IndustrySurvey,1,TRUE,TRUE,6,114,44.58333,-56.63567,2020_HalibutSurvey,TRUE
6262,20-SS-HS-HYP 252,IndustrySurvey,2,TRUE,TRUE,10,154,44.58333,-56.63567,2020_HalibutSurvey,TRUE
6263,20-SS-HS-HYP 253,IndustrySurvey,1,TRUE,TRUE,7,107,44.58333,-56.63567,2020_HalibutSurvey,TRUE
6264,20-SS-HS-HYP 254,IndustrySurvey,2,TRUE,TRUE,9,139,44.58333,-56.63567,2020_HalibutSurvey,TRUE
6265,20-SS-HS-HYP 255,IndustrySurvey,1,TRUE,TRUE,15,103,44.58333,-56.63567,2020_HalibutSurvey,TRUE
6266,20-SS-HS-HYP 256,IndustrySurvey,2,TRUE,TRUE,11,142,44.58333,-56.63567,2020_HalibutSurvey,TRUE
6267,20-SS-HS-HYP 257,IndustrySurvey,2,TRUE,TRUE,12,129,44.58333,-56.63567,2020_HalibutSurvey,TRUE
6268,20-SS-HS-HYP 258,IndustrySurvey,2,TRUE,TRUE,13,92,44.39833,-57.377,2020_HalibutSurvey,TRUE
6269,20-SS-HS-HYP 259,IndustrySurvey,1,TRUE,TRUE,8,87,44.39833,-57.377,2020_HalibutSurvey,TRUE
6270,20-SS-HS-HYP 260,IndustrySurvey,1,TRUE,TRUE,7,95,44.39833,-57.377,2020_HalibutSurvey,TRUE
6271,20-SS-HS-HYP 261,IndustrySurvey,2,TRUE,TRUE,9,118,44.39833,-57.377,2020_HalibutSurvey,TRUE
6272,20-SS-HS-HYP 262,IndustrySurvey,1,TRUE,TRUE,7,100,44.39833,-57.377,2020_HalibutSurvey,TRUE
6273,20-SS-HS-HYP 263,IndustrySurvey,1,TRUE,TRUE,10,89,44.39833,-57.377,2020_HalibutSurvey,TRUE
6274,20-SS-HS-HYP 264,IndustrySurvey,1,TRUE,TRUE,5,96,44.39833,-57.377,2020_HalibutSurvey,TRUE
6275,20-SS-HS-HYP 265,IndustrySurvey,1,TRUE,TRUE,6,105,44.39833,-57.377,2020_HalibutSurvey,TRUE
6276,20-SS-HS-HYP 266,IndustrySurvey,2,TRUE,TRUE,10,114,44.39833,-57.377,2020_HalibutSurvey,TRUE
6277,20-SS-HS-HYP 267,IndustrySurvey,2,TRUE,TRUE,7,141,44.39833,-57.377,2020_HalibutSurvey,TRUE
6278,20-SS-HS-HYP 268,IndustrySurvey,2,TRUE,TRUE,13,164,44.39833,-57.377,2020_HalibutSurvey,TRUE
6280,20-SS-HS-HYP 270,IndustrySurvey,2,TRUE,TRUE,7,136,44.39833,-57.377,2020_HalibutSurvey,TRUE
6281,20-SS-HS-HYP 271,IndustrySurvey,2,TRUE,TRUE,14,182,44.39833,-57.377,2020_HalibutSurvey,TRUE
6497,20-SS-HS-HYP 487,IndustrySurvey,2,TRUE,TRUE,14,129,44.425,-51.7655,2020_HalibutSurvey,TRUE
6498,20-SS-HS-HYP 488,IndustrySurvey,2,TRUE,TRUE,6,84,44.425,-51.7655,2020_HalibutSurvey,TRUE
6499,20-SS-HS-HYP 489,IndustrySurvey,2,TRUE,TRUE,10,152,44.425,-51.7655,2020_HalibutSurvey,TRUE
6500,20-SS-HS-HYP 490,IndustrySurvey,2,TRUE,TRUE,9,121,44.425,-51.7655,2020_HalibutSurvey,TRUE
6501,20-SS-HS-HYP 491,IndustrySurvey,2,TRUE,TRUE,8,135,44.425,-51.7655,2020_HalibutSurvey,TRUE
6502,20-SS-HS-HYP 492,IndustrySurvey,2,TRUE,TRUE,8,140,44.425,-51.7655,2020_HalibutSurvey,TRUE
6503,20-SS-HS-HYP 493,IndustrySurvey,2,TRUE,TRUE,12,157,44.425,-51.7655,2020_HalibutSurvey,TRUE
6504,20-SS-HS-HYP 494,IndustrySurvey,2,TRUE,TRUE,10,143,44.425,-51.7655,2020_HalibutSurvey,TRUE
6505,20-SS-HS-HYP 495,IndustrySurvey,2,TRUE,TRUE,10,105,44.425,-51.7655,2020_HalibutSurvey,TRUE
6506,20-SS-HS-HYP 496,IndustrySurvey,2,TRUE,TRUE,8,96,44.425,-51.7655,2020_HalibutSurvey,TRUE
6508,20-SS-HS-HYP 498,IndustrySurvey,1,TRUE,TRUE,12,137,44.425,-51.7655,2020_HalibutSurvey,TRUE
6509,20-SS-HS-HYP 499,IndustrySurvey,1,TRUE,TRUE,6,98,44.425,-51.7655,2020_HalibutSurvey,TRUE
6510,20-SS-HS-HYP 500,IndustrySurvey,2,TRUE,TRUE,6,110,44.60717,-50.323,2020_HalibutSurvey,TRUE
6511,20-SS-HS-HYP 501,IndustrySurvey,2,TRUE,TRUE,11,129,44.60717,-50.323,2020_HalibutSurvey,TRUE
6512,20-SS-HS-HYP 502,IndustrySurvey,2,TRUE,TRUE,12,135,44.60717,-50.323,2020_HalibutSurvey,TRUE
6513,20-SS-HS-HYP 503,IndustrySurvey,2,TRUE,TRUE,12,119,44.60717,-50.323,2020_HalibutSurvey,TRUE
6514,20-SS-HS-HYP 504,IndustrySurvey,1,TRUE,TRUE,11,130,44.60717,-50.323,2020_HalibutSurvey,TRUE
6516,20-SS-HS-HYP 506,IndustrySurvey,2,TRUE,TRUE,10,123,44.60717,-50.323,2020_HalibutSurvey,TRUE
6517,20-SS-HS-HYP 507,IndustrySurvey,2,TRUE,TRUE,11,146,44.512,-50.36967,2020_HalibutSurvey,TRUE
6518,20-SS-HS-HYP 508,IndustrySurvey,2,TRUE,TRUE,7,115,44.512,-50.36967,2020_HalibutSurvey,TRUE
6519,20-SS-HS-HYP 509,IndustrySurvey,2,TRUE,TRUE,8,138,44.512,-50.36967,2020_HalibutSurvey,TRUE
6520,20-SS-HS-HYP 510,IndustrySurvey,2,TRUE,TRUE,12,133,44.512,-50.36967,2020_HalibutSurvey,TRUE
6521,20-SS-HS-HYP 511,IndustrySurvey,1,TRUE,TRUE,11,129,44.512,-50.36967,2020_HalibutSurvey,TRUE
6522,20-SS-HS-HYP 512,IndustrySurvey,2,TRUE,TRUE,6,105,44.512,-50.36967,2020_HalibutSurvey,TRUE
6523,20-SS-HS-HYP 513,IndustrySurvey,2,TRUE,TRUE,7,142,44.512,-50.36967,2020_HalibutSurvey,TRUE
6524,20-SS-HS-HYP 514,IndustrySurvey,2,TRUE,TRUE,7,106,44.512,-50.36967,2020_HalibutSurvey,TRUE
6525,20-SS-HS-HYP 515,IndustrySurvey,2,TRUE,TRUE,11,165,44.512,-50.36967,2020_HalibutSurvey,TRUE
6526,20-SS-HS-HYP 516,IndustrySurvey,2,TRUE,TRUE,11,117,44.512,-50.36967,2020_HalibutSurvey,TRUE
6527,20-SS-HS-HYP 517,IndustrySurvey,2,TRUE,TRUE,12,128,44.512,-50.36967,2020_HalibutSurvey,TRUE
6528,20-SS-HS-HYP 518,IndustrySurvey,2,TRUE,TRUE,14,170,44.47117,-50.259,2020_HalibutSurvey,TRUE
6529,20-SS-HS-HYP 519,IndustrySurvey,2,TRUE,TRUE,11,130,44.47117,-50.259,2020_HalibutSurvey,TRUE
6530,20-SS-HS-HYP 520,IndustrySurvey,2,TRUE,TRUE,8,117,44.47117,-50.259,2020_HalibutSurvey,TRUE
6531,20-SS-HS-HYP 521,IndustrySurvey,2,TRUE,TRUE,13,187,44.47117,-50.259,2020_HalibutSurvey,TRUE
6532,20-SS-HS-HYP 522,IndustrySurvey,1,TRUE,TRUE,6,96,44.47117,-50.259,2020_HalibutSurvey,TRUE
6533,20-SS-HS-HYP 523,IndustrySurvey,2,TRUE,TRUE,9,137,44.47117,-50.259,2020_HalibutSurvey,TRUE
6534,20-SS-HS-HYP 524,IndustrySurvey,2,TRUE,TRUE,10,123,44.47117,-50.259,2020_HalibutSurvey,TRUE
6535,20-SS-HS-HYP 525,IndustrySurvey,2,TRUE,TRUE,12,167,44.4475,-50.24783,2020_HalibutSurvey,TRUE
6536,20-SS-HS-HYP 526,IndustrySurvey,2,TRUE,TRUE,10,122,44.4475,-50.24783,2020_HalibutSurvey,TRUE
6537,20-SS-HS-HYP 530,IndustrySurvey,2,TRUE,TRUE,8,96,44.11367,-50.73867,2020_HalibutSurvey,TRUE
6538,20-SS-HS-HYP 531,IndustrySurvey,2,TRUE,TRUE,10,154,44.11367,-50.73867,2020_HalibutSurvey,TRUE
6539,20-SS-HS-HYP 532,IndustrySurvey,1,TRUE,TRUE,8,95,44.11367,-50.73867,2020_HalibutSurvey,TRUE
6540,20-SS-HS-HYP 533,IndustrySurvey,2,TRUE,TRUE,8,122,44.11367,-50.73867,2020_HalibutSurvey,TRUE
6541,20-SS-HS-HYP 534,IndustrySurvey,1,TRUE,TRUE,8,105,44.11367,-50.73867,2020_HalibutSurvey,TRUE
6542,20-SS-HS-HYP 535,IndustrySurvey,2,TRUE,TRUE,7,84,44.11367,-50.73867,2020_HalibutSurvey,TRUE
6543,20-SS-HS-HYP 536,IndustrySurvey,1,TRUE,TRUE,10,108,44.11367,-50.73867,2020_HalibutSurvey,TRUE
6544,20-SS-HS-HYP 537,IndustrySurvey,1,TRUE,TRUE,13,116,44.11367,-50.73867,2020_HalibutSurvey,TRUE
6545,20-SS-HS-HYP 538,IndustrySurvey,1,TRUE,TRUE,8,90,44.11367,-50.73867,2020_HalibutSurvey,TRUE
6546,20-SS-HS-HYP 539,IndustrySurvey,2,TRUE,TRUE,7,121,42.91233,-50.71783,2020_HalibutSurvey,TRUE
6547,20-SS-HS-HYP 540,IndustrySurvey,2,TRUE,TRUE,6,103,42.91233,-50.71783,2020_HalibutSurvey,TRUE
6548,20-SS-HS-HYP 541,IndustrySurvey,2,TRUE,TRUE,10,98,42.91233,-50.71783,2020_HalibutSurvey,TRUE
6549,20-SS-HS-HYP 542,IndustrySurvey,1,TRUE,TRUE,9,123,42.91233,-50.71783,2020_HalibutSurvey,TRUE
6550,20-SS-HS-HYP 543,IndustrySurvey,1,TRUE,TRUE,7,104,42.91233,-50.71783,2020_HalibutSurvey,TRUE
6551,20-SS-HS-HYP 544,IndustrySurvey,1,TRUE,TRUE,10,118,42.91233,-50.71783,2020_HalibutSurvey,TRUE
6552,20-SS-HS-HYP 545,IndustrySurvey,2,TRUE,TRUE,9,126,42.91233,-50.71783,2020_HalibutSurvey,TRUE
6553,20-SS-HS-HYP 546,IndustrySurvey,2,TRUE,TRUE,8,107,42.91233,-50.71783,2020_HalibutSurvey,TRUE
6555,20-SS-HS-HYP 548,IndustrySurvey,2,TRUE,TRUE,15,166,42.91233,-50.71783,2020_HalibutSurvey,TRUE
6556,20-SS-HS-HYP 549,IndustrySurvey,2,TRUE,TRUE,13,142,42.91233,-50.71783,2020_HalibutSurvey,TRUE
6557,20-SS-HS-HYP 550,IndustrySurvey,2,TRUE,TRUE,15,136,42.91233,-50.71783,2020_HalibutSurvey,TRUE
6558,20-SS-HS-HYP 551,IndustrySurvey,2,TRUE,TRUE,18,173,42.91233,-50.71783,2020_HalibutSurvey,TRUE
6559,20-SS-HS-HYP 552,IndustrySurvey,2,TRUE,TRUE,10,115,42.91233,-50.71783,2020_HalibutSurvey,TRUE
6560,20-SS-HS-HYP 553,IndustrySurvey,2,TRUE,TRUE,11,132,42.91233,-50.71783,2020_HalibutSurvey,TRUE
6561,20-SS-HS-HYP 554,IndustrySurvey,1,TRUE,TRUE,14,115,42.91667,-50.73117,2020_HalibutSurvey,TRUE
6562,20-SS-HS-HYP 555,IndustrySurvey,1,TRUE,TRUE,13,97,42.91667,-50.73117,2020_HalibutSurvey,TRUE
6563,20-SS-HS-HYP 556,IndustrySurvey,2,TRUE,TRUE,5,115,42.91667,-50.73117,2020_HalibutSurvey,TRUE
6564,20-SS-HS-HYP 557,IndustrySurvey,2,TRUE,TRUE,13,126,42.91667,-50.73117,2020_HalibutSurvey,TRUE
6565,20-SS-HS-HYP 558,IndustrySurvey,2,TRUE,TRUE,13,105,42.91667,-50.73117,2020_HalibutSurvey,TRUE
6566,20-SS-HS-HYP 559,IndustrySurvey,1,TRUE,TRUE,8,103,42.91667,-50.73117,2020_HalibutSurvey,TRUE
6567,20-SS-HS-HYP 560,IndustrySurvey,1,TRUE,TRUE,18,120,42.91667,-50.73117,2020_HalibutSurvey,TRUE
6568,20-SS-HS-HYP 561,IndustrySurvey,2,TRUE,TRUE,13,156,42.91667,-50.73117,2020_HalibutSurvey,TRUE
6570,20-SS-HS-HYP 563,IndustrySurvey,2,TRUE,TRUE,12,153,42.91667,-50.73117,2020_HalibutSurvey,TRUE
6571,20-SS-HS-HYP 564,IndustrySurvey,2,TRUE,TRUE,9,132,42.91667,-50.73117,2020_HalibutSurvey,TRUE
6572,20-SS-HS-HYP 565,IndustrySurvey,2,TRUE,TRUE,10,116,42.91667,-50.73117,2020_HalibutSurvey,TRUE
6573,20-SS-HS-HYP 566,IndustrySurvey,2,TRUE,TRUE,7,92,42.91667,-50.73117,2020_HalibutSurvey,TRUE
6574,20-SS-HS-HYP 567,IndustrySurvey,2,TRUE,TRUE,9,99,42.91667,-50.73117,2020_HalibutSurvey,TRUE
6575,20-SS-HS-HYP 568,IndustrySurvey,1,TRUE,TRUE,10,83,42.8825,-50.65283,2020_HalibutSurvey,TRUE
6576,20-SS-HS-HYP 569,IndustrySurvey,2,TRUE,TRUE,8,137,42.8825,-50.65283,2020_HalibutSurvey,TRUE
6577,20-SS-HS-HYP 570,IndustrySurvey,2,TRUE,TRUE,8,124,42.8825,-50.65283,2020_HalibutSurvey,TRUE
6578,20-SS-HS-HYP 571,IndustrySurvey,2,TRUE,TRUE,8,110,42.8825,-50.65283,2020_HalibutSurvey,TRUE
6579,20-SS-HS-HYP 572,IndustrySurvey,1,TRUE,TRUE,12,94,42.8825,-50.65283,2020_HalibutSurvey,TRUE
6580,20-SS-HS-HYP 573,IndustrySurvey,1,TRUE,TRUE,7,114,42.8825,-50.65283,2020_HalibutSurvey,TRUE
6581,20-SS-HS-HYP 574,IndustrySurvey,2,TRUE,TRUE,9,118,42.8825,-50.65283,2020_HalibutSurvey,TRUE
6582,20-SS-HS-HYP 575,IndustrySurvey,2,TRUE,TRUE,7,102,42.8825,-50.65283,2020_HalibutSurvey,TRUE
6584,20-SS-HS-HYP 577,IndustrySurvey,2,TRUE,TRUE,11,115,42.8825,-50.65283,2020_HalibutSurvey,TRUE
6585,20-SS-HS-HYP 578,IndustrySurvey,2,TRUE,TRUE,7,92,42.8825,-50.65283,2020_HalibutSurvey,TRUE
6586,20-SS-HS-HYP 579,IndustrySurvey,1,TRUE,TRUE,8,119,42.8825,-50.65283,2020_HalibutSurvey,TRUE
6587,20-SS-HS-HYP 580,IndustrySurvey,2,TRUE,TRUE,9,98,42.8825,-50.65283,2020_HalibutSurvey,TRUE
6588,20-SS-HS-HYP 581,IndustrySurvey,1,TRUE,TRUE,9,110,42.8825,-50.65283,2020_HalibutSurvey,TRUE
6590,20-SS-HS-HYP 583,IndustrySurvey,1,TRUE,TRUE,7,88,42.8825,-50.65283,2020_HalibutSurvey,TRUE
6591,20-SS-HS-HYP 584,IndustrySurvey,2,TRUE,TRUE,10,133,42.8825,-50.65283,2020_HalibutSurvey,TRUE
6592,20-SS-HS-HYP 585,IndustrySurvey,2,TRUE,TRUE,11,140,42.8825,-50.65283,2020_HalibutSurvey,TRUE
6593,20-SS-HS-HYP 586,IndustrySurvey,2,TRUE,TRUE,9,144,42.8825,-50.65283,2020_HalibutSurvey,TRUE
6594,20-SS-HS-HYP 587,IndustrySurvey,2,TRUE,TRUE,13,153,42.8825,-50.65283,2020_HalibutSurvey,TRUE
6595,20-SS-HS-HYP 588,IndustrySurvey,2,TRUE,TRUE,11,128,42.8825,-50.65283,2020_HalibutSurvey,TRUE
6596,20-SS-HS-HYP 589,IndustrySurvey,1,TRUE,TRUE,18,123,42.8825,-50.65283,2020_HalibutSurvey,TRUE
6597,20-SS-HS-HYP 590,IndustrySurvey,2,TRUE,TRUE,15,161,42.8825,-50.65283,2020_HalibutSurvey,TRUE
6598,20-SS-HS-HYP 591,IndustrySurvey,1,TRUE,TRUE,8,90,42.8745,-50.632,2020_HalibutSurvey,TRUE
6599,20-SS-HS-HYP 592,IndustrySurvey,1,TRUE,TRUE,10,93,42.8745,-50.632,2020_HalibutSurvey,TRUE
6600,20-SS-HS-HYP 593,IndustrySurvey,2,TRUE,TRUE,8,107,42.8745,-50.632,2020_HalibutSurvey,TRUE
6601,20-SS-HS-HYP 594,IndustrySurvey,2,TRUE,TRUE,13,142,42.8745,-50.632,2020_HalibutSurvey,TRUE
6602,20-SS-HS-HYP 595,IndustrySurvey,2,TRUE,TRUE,10,116,42.8745,-50.632,2020_HalibutSurvey,TRUE
6603,20-SS-HS-HYP 596,IndustrySurvey,2,TRUE,TRUE,7,95,42.8745,-50.632,2020_HalibutSurvey,TRUE
6604,20-SS-HS-HYP 597,IndustrySurvey,2,TRUE,TRUE,9,130,42.8745,-50.632,2020_HalibutSurvey,TRUE
6605,20-SS-HS-HYP 598,IndustrySurvey,2,TRUE,TRUE,7,98,42.8745,-50.632,2020_HalibutSurvey,TRUE
6606,20-SS-HS-HYP 599,IndustrySurvey,1,TRUE,TRUE,6,100,42.8745,-50.632,2020_HalibutSurvey,TRUE
6607,20-SS-HS-HYP 600,IndustrySurvey,1,TRUE,TRUE,8,112,42.8745,-50.632,2020_HalibutSurvey,TRUE
6609,20-SS-HS-HYP 602,IndustrySurvey,2,TRUE,TRUE,13,137,42.8745,-50.632,2020_HalibutSurvey,TRUE
6610,20-SS-HS-HYP 603,IndustrySurvey,1,TRUE,TRUE,12,121,42.8745,-50.632,2020_HalibutSurvey,TRUE
6611,20-SS-HS-HYP 604,IndustrySurvey,1,TRUE,TRUE,10,119,42.88283,-50.5465,2020_HalibutSurvey,TRUE
6612,20-SS-HS-HYP 605,IndustrySurvey,2,TRUE,TRUE,9,128,42.88283,-50.5465,2020_HalibutSurvey,TRUE
6613,20-SS-HS-HYP 606,IndustrySurvey,2,TRUE,TRUE,9,116,42.88283,-50.5465,2020_HalibutSurvey,TRUE
6614,20-SS-HS-HYP 607,IndustrySurvey,2,TRUE,TRUE,9,138,42.88283,-50.5465,2020_HalibutSurvey,TRUE
6615,20-SS-HS-HYP 608,IndustrySurvey,1,TRUE,TRUE,12,122,42.88283,-50.5465,2020_HalibutSurvey,TRUE
6616,20-SS-HS-HYP 609,IndustrySurvey,2,TRUE,TRUE,11,142,42.88283,-50.5465,2020_HalibutSurvey,TRUE
6617,20-SS-HS-HYP 610,IndustrySurvey,1,TRUE,TRUE,12,115,42.88283,-50.5465,2020_HalibutSurvey,TRUE
6618,20-SS-HS-HYP 611,IndustrySurvey,2,TRUE,TRUE,12,124,42.88283,-50.5465,2020_HalibutSurvey,TRUE
6619,20-SS-HS-HYP 612,IndustrySurvey,2,TRUE,TRUE,12,110,42.88283,-50.5465,2020_HalibutSurvey,TRUE
6620,20-SS-HS-HYP 613,IndustrySurvey,1,TRUE,TRUE,14,129,42.88283,-50.5465,2020_HalibutSurvey,TRUE
6621,20-SS-HS-HYP 614,IndustrySurvey,2,TRUE,TRUE,7,98,42.88283,-50.5465,2020_HalibutSurvey,TRUE
6622,20-SS-HS-HYP 615,IndustrySurvey,2,TRUE,TRUE,6,102,42.88283,-50.5465,2020_HalibutSurvey,TRUE
6624,20-SS-HS-HYP 617,IndustrySurvey,2,TRUE,TRUE,13,134,42.88283,-50.5465,2020_HalibutSurvey,TRUE
6625,20-SS-HS-HYP 618,IndustrySurvey,2,TRUE,TRUE,8,92,42.88283,-50.5465,2020_HalibutSurvey,TRUE
6626,20-SS-HS-HYP 619,IndustrySurvey,1,TRUE,TRUE,5,104,42.88283,-50.5465,2020_HalibutSurvey,TRUE
6627,20-SS-HS-HYP 620,IndustrySurvey,1,TRUE,TRUE,13,90,42.88283,-50.5465,2020_HalibutSurvey,TRUE
6628,20-SS-HS-HYP 621,IndustrySurvey,1,TRUE,TRUE,8,108,42.88283,-50.5465,2020_HalibutSurvey,TRUE
6630,20-SS-HS-HYP 623,IndustrySurvey,2,TRUE,TRUE,8,109,42.85533,-50.5645,2020_HalibutSurvey,TRUE
6631,20-SS-HS-HYP 624,IndustrySurvey,2,TRUE,TRUE,7,117,42.85533,-50.5645,2020_HalibutSurvey,TRUE
6632,20-SS-HS-HYP 625,IndustrySurvey,2,TRUE,TRUE,9,121,42.85533,-50.5645,2020_HalibutSurvey,TRUE
6633,20-SS-HS-HYP 626,IndustrySurvey,1,TRUE,TRUE,7,111,42.85533,-50.5645,2020_HalibutSurvey,TRUE
6635,20-SS-HS-HYP 628,IndustrySurvey,2,TRUE,TRUE,12,135,42.85533,-50.5645,2020_HalibutSurvey,TRUE
6636,20-SS-HS-HYP 629,IndustrySurvey,2,TRUE,TRUE,14,160,42.85533,-50.5645,2020_HalibutSurvey,TRUE
6637,20-SS-HS-HYP 630,IndustrySurvey,1,TRUE,TRUE,8,95,42.85533,-50.5645,2020_HalibutSurvey,TRUE
6638,20-SS-HS-HYP 631,IndustrySurvey,2,TRUE,TRUE,9,98,42.85533,-50.5645,2020_HalibutSurvey,TRUE
6639,20-SS-HS-HYP 632,IndustrySurvey,1,TRUE,TRUE,8,124,42.85533,-50.5645,2020_HalibutSurvey,TRUE
6640,20-SS-HS-HYP 633,IndustrySurvey,1,TRUE,TRUE,14,131,42.85533,-50.5645,2020_HalibutSurvey,TRUE
6641,20-SS-HS-HYP 634,IndustrySurvey,2,TRUE,TRUE,8,105,42.85533,-50.5645,2020_HalibutSurvey,TRUE
6642,20-SS-HS-HYP 635,IndustrySurvey,1,TRUE,TRUE,10,106,42.85533,-50.5645,2020_HalibutSurvey,TRUE
6643,20-SS-HS-HYP 636,IndustrySurvey,2,TRUE,TRUE,10,100,42.83333,-50.54033,2020_HalibutSurvey,TRUE
6644,20-SS-HS-HYP 637,IndustrySurvey,2,TRUE,TRUE,7,114,42.83333,-50.54033,2020_HalibutSurvey,TRUE
6645,20-SS-HS-HYP 638,IndustrySurvey,1,TRUE,TRUE,8,103,42.83333,-50.54033,2020_HalibutSurvey,TRUE
6646,20-SS-HS-HYP 639,IndustrySurvey,1,TRUE,TRUE,8,100,42.83333,-50.54033,2020_HalibutSurvey,TRUE
6647,20-SS-HS-HYP 640,IndustrySurvey,2,TRUE,TRUE,7,103,42.83333,-50.54033,2020_HalibutSurvey,TRUE
6648,20-SS-HS-HYP 641,IndustrySurvey,1,TRUE,TRUE,12,114,42.83333,-50.54033,2020_HalibutSurvey,TRUE
6649,20-SS-HS-HYP 642,IndustrySurvey,1,TRUE,TRUE,11,108,42.83333,-50.54033,2020_HalibutSurvey,TRUE
6650,20-SS-HS-HYP 643,IndustrySurvey,2,TRUE,TRUE,13,117,42.83333,-50.54033,2020_HalibutSurvey,TRUE
6651,20-SS-HS-HYP 644,IndustrySurvey,2,TRUE,TRUE,7,131,42.83333,-50.54033,2020_HalibutSurvey,TRUE
6652,20-SS-HS-HYP 645,IndustrySurvey,1,TRUE,TRUE,10,120,42.83333,-50.54033,2020_HalibutSurvey,TRUE
6653,20-SS-HS-HYP 646,IndustrySurvey,2,TRUE,TRUE,8,109,42.83333,-50.54033,2020_HalibutSurvey,TRUE
6654,20-SS-HS-HYP 647,IndustrySurvey,2,TRUE,TRUE,13,157,42.83333,-50.54033,2020_HalibutSurvey,TRUE
6655,20-SS-HS-HYP 648,IndustrySurvey,2,TRUE,TRUE,8,105,42.802,-50.49317,2020_HalibutSurvey,TRUE
6657,20-SS-HS-HYP 731,IndustrySurvey,1,TRUE,TRUE,6,108,42.802,-50.49317,2020_HalibutSurvey,TRUE
6658,20-SS-HS-HYP 732,IndustrySurvey,1,TRUE,TRUE,8,112,42.802,-50.49317,2020_HalibutSurvey,TRUE
6659,20-SS-HS-HYP 733,IndustrySurvey,2,TRUE,TRUE,8,122,42.802,-50.49317,2020_HalibutSurvey,TRUE
6661,20-SS-HS-HYP 735,IndustrySurvey,1,TRUE,TRUE,8,120,42.802,-50.49317,2020_HalibutSurvey,TRUE
6671,20-SS-HS-HYP 753,IndustrySurvey,1,TRUE,TRUE,7,110,42.842,-50.51517,2020_HalibutSurvey,TRUE
6672,20-SS-HS-HYP 754,IndustrySurvey,1,TRUE,TRUE,9,116,42.842,-50.51517,2020_HalibutSurvey,TRUE
6673,20-SS-HS-HYP 755,IndustrySurvey,1,TRUE,TRUE,13,114,42.842,-50.51517,2020_HalibutSurvey,TRUE
6674,20-SS-HS-HYP 756,IndustrySurvey,2,TRUE,TRUE,9,114,42.842,-50.51517,2020_HalibutSurvey,TRUE
6675,20-SS-HS-HYP 757,IndustrySurvey,2,TRUE,TRUE,10,128,42.842,-50.51517,2020_HalibutSurvey,TRUE
6676,20-SS-HS-HYP 758,IndustrySurvey,2,TRUE,TRUE,9,134,42.842,-50.51517,2020_HalibutSurvey,TRUE
6685,20-SS-HS-HYP 767,IndustrySurvey,2,TRUE,TRUE,7,115,42.93167,-50.8085,2020_HalibutSurvey,TRUE
6713,20-SS-HS-HYP 795,IndustrySurvey,1,TRUE,TRUE,10,116,42.9,-50.625,2020_HalibutSurvey,TRUE
6772,20-SS-HS-HYP 936,IndustrySurvey,1,TRUE,TRUE,7,107,42.63183,-65.52867,2020_HalibutSurvey,TRUE
6891,20-SS-HS-HYP 1157,IndustrySurvey,1,TRUE,TRUE,10,116,42.8675,-50.142,2020_HalibutSurvey,TRUE
6909,20-SS-HS-HYP 1175,IndustrySurvey,1,TRUE,TRUE,9,110,42.87967,-50.14933,2020_HalibutSurvey,TRUE
6933,20-SS-HS-HYP 1199,IndustrySurvey,2,TRUE,TRUE,7,90,42.84867,-50.147,2020_HalibutSurvey,TRUE
6945,20-SS-HS-HYP 1211,IndustrySurvey,1,TRUE,TRUE,11,114,42.88617,-50.14617,2020_HalibutSurvey,TRUE
